0,(4,3,2,6,14,2,7,11,7,8),(42,42,43,44,44,44,45,46,46,46),(17,12,2,0),(6,4,1),(24,14),(23,22,20,16,10,5),(31,30,29,26,25,21,19,18,15,13,11,9,7,3),(28,8),(62,61,60,59,58,57,27),(63,56,54,52,51,50,48,44,43,42,41),(55,53,49,47,46,45,40),(39,38,37,36,35,34,33,32)
1,(6,1,8,6,7,5,7,6,11,7),(1,1,1,1,1,1,1,1,1,1),(29,28,27,26,25,24),(31),(30,19,16,7,6,4,2,0),(35,23,20,17,3,1),(62,39,32,22,21,18,5),(38,37,36,34,33),(63,61,60,50,46,15,12),(56,55,48,47,11,10),(59,58,54,53,49,44,43,42,41,13,9),(57,52,51,45,40,14,8)
2,(2,4,1,1,2,8,14,14,11,7),(32,33,34,34,35,36,36,36,36,36),(63,59),(61,60,57,56),(58),(62),(1,0),(15,11,9,8,7,4,3,2),(23,22,21,20,19,18,17,16,14,13,12,10,6,5),(39,38,37,36,33,32,31,30,29,28,27,26,25,24),(52,51,49,48,47,46,44,41,40,35,34),(55,54,53,50,45,43,42)
3,(1,3,1,8,3,3,9,13,6,17),(34,35,35,36,36,38,39,39,39,39),(56),(46,41,40),(44),(63,62,60,59,58,45,43,42),(61,57,47),(13,12,8),(33,32,11,7,5,4,2,1,0),(38,37,36,35,34,19,18,15,14,10,9,6,3),(39,23,22,21,20,17),(55,54,53,52,51,50,49,48,31,30,29,28,27,26,25,24,16)
4,(3,7,1,4,1,3,11,9,14,11),(39,40,40,40,42,42,43,43,43,43),(63,62,58),(61,60,59,57,56,38,34),(35),(39,36,33,32),(37),(43,42,41),(44,40,15,14,13,12,11,10,9,8,2),(47,46,45,7,6,4,3,1,0),(55,54,53,52,51,49,28,21,20,19,18,17,16,5),(50,48,31,30,29,27,26,25,24,23,22)
5,(1,4,8,7,13,7,4,7,7,6),(33,34,34,34,34,34,34,34,34,34),(7),(27,2,1,0),(23,19,15,11,6,5,4,3),(39,37,35,34,32,18,9),(38,36,33,22,21,20,17,16,14,13,12,10,8),(57,51,50,48,43,42,31),(55,53,52,28),(63,54,49,47,26,25,24),(60,59,58,56,44,30,29),(62,61,46,45,41,40)
6,(2,4,12,7,8,7,8,8,7,1),(1,1,1,1,1,1,1,1,1,1),(7,3),(5,2,1,0),(31,27,24,20,19,15,14,11,10,9,6,4),(28,26,25,18,16,12,8),(35,30,29,23,22,21,17,13),(40,39,38,37,36,34,33),(62,60,58,48,45,42,41,32),(63,59,56,53,49,47,46,44),(61,55,54,52,51,50,43),(57)
7,(2,2,1,2,2,10,15,8,16,6),(40,40,41,41,41,42,42,42,42,42),(58,56),(62,60),(57),(61,59),(63,31),(30,15,14,13,12,10,8,7,6,5),(29,28,27,26,25,24,23,22,21,20,19,18,17,11,9),(47,43,39,38,36,35,33,16),(51,50,46,45,44,42,41,40,37,34,32,4,3,2,1,0),(55,54,53,52,49,48)
8,(5,3,9,9,6,6,3,9,11,3),(10,10,11,11,11,11,11,11,11,11),(54,53,52,49,48),(55,51,50),(39,35,34,30,27,26,24,15,14),(45,43,38,33,32,31,29,28,25),(47,46,44,42,41,37),(59,56,40,36,13,12),(60,57,4),(63,62,61,23,16,11,9,8,7),(58,22,21,20,19,18,10,6,5,3,2),(17,1,0)
9,(1,1,7,1,2,9,3,14,9,17),(40,42,43,43,45,45,46,46,46,46),(55),(54),(56,53,52,51,50,49,48),(59),(62,60),(63,61,58,57,14,13,12,11,10),(15,1,0),(22,21,20,19,18,16,9,8,7,6,5,4,3,2),(43,34,33,30,29,27,26,23,17),(47,46,45,44,42,41,40,39,38,37,36,35,32,31,28,25,24)
10,(1,3,5,6,3,4,2,14,17,9),(38,39,39,40,40,41,41,43,43,43),(63),(47,46,43),(59,44,14,9,8),(56,45,40,15,13,10),(61,60,11),(58,57,42,12),(62,41),(31,27,26,25,24,21,7,6,5,4,3,2,1,0),(50,39,38,37,36,35,34,33,32,30,29,28,23,22,20,17,16),(55,54,53,52,51,49,48,19,18)
11,(1,2,4,1,1,14,8,10,12,11),(37,38,39,39,41,42,42,42,42,42),(50),(53,49),(55,54,51,48),(52),(21),(29,27,26,24,22,19,15,14,13,12,11,10,9,8),(31,30,28,25,23,20,18,17),(62,61,60,59,58,57,16,4,3,2),(63,56,43,41,38,35,32,7,6,5,1,0),(47,46,45,44,42,40,39,37,36,34,33)
12,(1,6,6,5,6,8,8,14,8,2),(36,36,37,37,38,38,39,39,40,40),(15),(35,34,33,11,7,1),(49,37,10,6,3,2),(52,51,50,13,4),(55,39,38,32,12,8),(54,53,48,36,14,9,5,0),(62,61,60,59,57,56,25,20),(63,58,31,30,29,28,27,26,24,21,19,18,17,16),(46,45,44,43,42,41,23,22),(47,40)
13,(10,2,2,3,5,10,1,10,8,13),(32,32,32,33,33,33,35,35,35,35),(55,52,49,48,6,4,3,2,1,0),(31,28),(50,15),(27,24,7),(51,12,11,10,8),(54,53,30,29,26,25,14,13,9,5),(34),(61,60,58,39,38,37,36,35,33,32),(63,62,59,56,22,21,20,19),(57,47,46,45,44,43,42,41,40,23,18,17,16)
14,(1,5,2,2,6,6,7,17,10,8),(34,35,35,36,37,37,38,38,38,38),(34),(39,38,37,35,32),(36,33),(57,56),(63,62,61,60,59,58),(15,14,13,12,11,10),(26,23,22,21,20,19,18),(54,31,30,28,27,25,24,17,16,9,8,7,6,5,3,2,1),(55,53,52,51,50,49,48,29,4,0),(47,46,45,44,43,42,41,40)
15,(2,3,5,4,3,6,9,22,9,1),(38,38,39,39,40,40,40,42,42,42),(36,20),(58,32,17),(63,60,56,45,41),(62,38,37,21),(40,18,16),(61,57,44,42,33,22),(59,47,46,43,39,35,34,23,19),(55,54,53,52,50,49,48,31,30,29,28,27,26,25,9,7,6,5,4,3,2,0),(51,24,15,14,13,12,11,10,1),(8)
16,(4,3,1,9,7,12,6,10,7,5),(12,12,12,13,13,13,13,13,13,13),(63,61,59,57),(62,60,58),(56),(51,50,49,48,7,5,4,2,1),(13,12,11,10,8,6,3),(23,22,21,20,19,18,17,16,15,14,9,0),(54,53,52,38,37,30),(47,42,36,35,33,32,27,26,25,24),(55,44,40,39,31,29,28),(46,45,43,41,34)
17,(6,2,7,5,10,3,3,8,16,4),(31,31,33,34,34,34,34,34,34,34),(30,29,27,26,25,24),(31,28),(47,46,45,44,43,42,41),(39,38,37,34,33),(55,54,53,51,50,48,40,36,35,23),(52,49,32),(59,6,4),(62,61,60,57,19,18,11,2),(63,58,56,22,21,20,15,13,12,10,9,7,5,3,1,0),(17,16,14,8)
18,(2,6,6,9,7,5,9,4,10,6),(45,46,46,46,46,46,46,46,46,46),(63,62),(22,21,20,19,18,17),(54,51,50,49,14,10),(55,53,52,48,46,42,13,11,9),(47,45,43,41,40,12,8),(61,59,58,15,6),(60,57,56,44,23,3,2,1,0),(35,24,16,7),(39,37,33,32,30,27,26,25,5,4),(38,36,34,31,29,28)
19,(1,2,2,2,1,7,10,12,15,12),(39,39,39,40,40,42,43,43,43,43),(52),(50,48),(54,51),(53,49),(55),(15,14,13,12,11,10,5),(34,33,9,7,6,4,3,2,1,0),(39,38,37,36,35,32,27,26,20,19,18,8),(61,56,45,42,41,30,29,28,25,24,23,22,21,17,16),(63,62,60,59,58,57,47,46,44,43,40,31)
20,(6,4,4,12,8,2,3,9,10,6),(1,1,1,1,1,1,1,1,1,1),(15,14,13,12,11,9),(22,19,18,10),(35,23,21,8),(39,36,34,33,31,29,27,20,17,2,1,0),(38,37,30,28,26,25,24,16),(43,32),(48,42,3),(60,59,54,53,51,46,45,44,41),(63,62,58,57,56,52,47,40,7,4),(61,55,50,49,6,5)
21,(2,4,2,3,1,10,13,6,13,10),(39,39,39,42,42,43,43,43,43,43),(52,50),(55,53,51,49),(54,48),(34,33,32),(7),(38,36,35,10,8,4,3,2,1,0),(58,57,56,39,37,15,14,13,12,11,9,6,5),(45,20,19,18,17,16),(63,61,60,42,30,29,28,26,25,24,23,22,21),(62,59,47,46,44,43,41,40,31,27)
22,(4,4,5,11,6,7,6,7,12,2),(1,1,1,1,1,1,1,1,1,1),(39,3,2,0),(27,24,7,5),(31,30,26,6,1),(28,25,23,19,15,13,12,11,10,8,4),(54,42,22,20,18,14),(44,41,29,21,17,16,9),(55,47,46,45,43,38),(63,53,40,37,36,34,32),(62,61,60,59,58,57,56,51,50,49,48,35),(52,33)
23,(3,2,3,5,7,5,7,4,18,10),(35,35,36,36,36,37,37,38,38,38),(47,42,1),(51,43),(55,41,2),(63,6,5,3,0),(62,61,58,57,54,49,46),(53,50,45,40,4),(60,59,56,52,48,44,7),(33,32,20,12),(39,38,37,36,35,34,23,21,19,18,17,15,14,13,11,10,9,8),(31,30,29,28,27,26,25,24,22,16)
24,(10,7,4,3,6,12,14,1,3,4),(44,44,44,44,44,45,45,45,45,45),(61,60,31,30,29,28,27,26,25,24),(59,41,23,21,20,17,16),(47,46,42,18),(50,35,34),(62,45,43,32,22,1),(63,54,44,40,39,38,37,36,33,19,5,0),(58,57,56,55,53,52,51,49,48,7,6,4,3,2),(12),(14,13,8),(15,11,10,9)
25,(2,8,12,9,2,4,9,9,4,5),(41,42,42,42,42,43,43,43,43,43),(11,7),(31,25,15,10,9,4,2,1),(30,27,23,19,18,16,13,12,6,5,3,0),(51,35,28,26,24,21,20,17,14),(36,29),(47,39,22,8),(45,43,41,40,38,37,34,33,32),(55,54,53,52,50,49,48,46,42),(60,59,58,44),(63,62,61,57,56)
26,(4,2,3,3,7,12,1,10,14,8),(36,37,37,37,38,38,38,39,39,40),(33,32,29,28),(36,34),(60,59,40),(57,56,41),(63,61,44,30,27,25,24),(62,58,47,46,43,42,39,38,37,35,31,26),(45),(52,50,15,7,6,5,4,3,2,0),(55,54,53,51,49,48,14,13,12,11,10,9,8,1),(23,22,21,20,19,18,17,16)
27,(6,5,2,1,2,2,5,9,15,17),(38,39,39,39,40,40,41,41,42,42),(47,46,44,41,10,9),(63,56,40,15,8),(14,12),(45),(54,48),(49,11),(60,57,55,53,13),(62,61,59,58,52,51,50,43,42),(39,38,37,36,35,34,33,32,29,28,27,26,25,24,3),(31,30,23,22,21,20,19,18,17,16,7,6,5,4,2,1,0)
28,(1,1,4,2,7,10,13,16,2,8),(23,24,24,24,25,25,25,25,25,25),(62),(60),(63,61,58,57),(59,56),(23,7,6,4,2,1,0),(44,22,21,20,19,18,17,16,5,3),(45,43,31,30,28,25,24,14,13,12,10,9,8),(47,46,42,39,38,37,36,35,34,33,32,29,27,26,15,11),(41,40),(55,54,53,52,51,50,49,48)
29,(8,3,3,2,2,6,8,8,17,7),(41,41,42,42,43,43,44,45,45,46),(38,37,36,35,34,33,32,13),(54,40,14),(52,46,42),(44,41),(49,15),(51,50,39,10,9,8),(55,53,48,47,45,43,12,11),(62,59,20,19,17,16,1,0),(63,61,60,58,57,56,25,23,22,21,18,7,6,5,4,3,2),(31,30,29,28,27,26,24)
30,(1,6,1,8,10,8,5,15,5,5),(11,11,11,12,12,12,12,12,12,12),(39),(38,37,36,35,34,33),(32),(62,61,60,7,6,4,3,0),(27,26,25,23,19,18,16,5,2,1),(31,30,29,28,22,21,20,17),(46,45,42,41,24),(59,58,56,54,53,52,51,50,49,48,47,44,43,40,11),(63,57,55,12,9),(15,14,13,10,8)
31,(1,2,3,2,3,2,15,8,13,15),(35,35,36,36,38,38,38,38,38,38),(48),(55,52),(51,50,49),(54,53),(33,32,9),(13,11),(36,35,21,18,17,16,15,14,12,10,8,7,6,5,4),(39,38,37,34,23,22,20,19),(62,61,60,59,58,57,56,30,29,28,27,26,3),(63,47,46,45,44,43,42,41,40,31,25,24,2,1,0)
32,(4,3,5,3,3,5,1,16,19,5),(33,33,34,34,35,35,36,37,37,37),(11,10,9,8),(55,50,49),(54,53,48,13,1),(52,12,5),(14,3,2),(51,15,6,4,0),(7),(61,60,59,58,57,56,36,35,34,27,26,25,24,21,19,16),(62,45,44,43,40,39,38,37,33,32,31,30,29,28,23,22,20,18,17),(63,47,46,42,41)
33,(2,3,4,5,15,13,3,3,10,6),(37,38,38,38,38,38,38,39,39,39),(41,10),(57,53,33),(62,55,54,25),(59,58,56,28,26),(63,61,60,42,40,37,34,31,30,29,27,14,13,11,9),(47,46,45,44,43,39,38,36,35,32,24,15,8),(50,49,12),(52,51,48),(23,22,7,6,5,4,3,2,1,0),(21,20,19,18,17,16)
34,(2,10,5,4,10,10,6,5,7,5),(44,45,45,45,45,45,45,45,45,45),(3,0),(60,59,58,56,7,6,5,4,2,1),(63,62,61,57,37),(15,14,11,8),(31,23,22,21,20,18,17,13,10,9),(38,33,30,29,27,25,24,19,16,12),(47,39,36,35,28,26),(45,42,41,34,32),(52,51,50,46,44,43,40),(55,54,53,49,48)
35,(5,4,6,2,2,5,8,3,14,15),(40,40,40,41,41,42,42,43,43,44),(61,59,27,20,10),(30,25,16,14),(58,21,15,13,11,8),(62,26),(63,9),(57,29,19,18,17),(60,56,31,28,24,23,22,12),(49,43,34),(55,51,50,48,44,42,41,39,38,37,36,35,33,32),(54,53,52,47,46,45,40,7,6,5,4,3,2,1,0)
36,(7,1,1,1,6,10,6,8,13,11),(36,36,38,39,39,39,39,39,39,39),(31,29,28,27,26,25,24),(30),(16),(17),(47,18,7,2,1,0),(46,44,43,23,21,19,6,5,4,3),(45,42,41,40,22,20),(52,50,39,38,33,32,11,9),(62,61,60,56,53,51,37,36,35,34,12,10,8),(63,59,58,57,55,54,49,48,15,14,13)
37,(7,5,4,4,13,3,12,8,2,6),(44,44,44,45,45,45,45,45,45,46),(15,14,13,12,11,10,9),(23,22,21,18,17),(35,20,19,16),(39,38,37,32),(60,53,50,49,44,43,42,41,34,33,31,30,27),(26,25,8),(63,61,59,58,57,56,47,46,45,40,36,29),(62,55,54,52,51,48,28,24),(7,6),(5,4,3,2,1,0)
38,(2,2,2,4,6,1,13,18,12,4),(36,37,37,38,38,40,41,41,41,41),(3,2),(55,49),(54,53),(48,5,4,1),(52,51,50,7,6,0),(18),(57,56,35,27,22,17,15,14,13,12,11,10,9),(63,39,34,33,32,31,30,29,28,26,25,24,23,21,20,19,16,8),(61,60,59,58,46,43,42,41,40,38,37,36),(62,47,45,44)
39,(3,2,3,1,7,12,4,9,16,7),(31,33,33,34,34,34,34,34,34,34),(10,9,8),(14,13),(15,12,11),(32),(53,46,40,39,38,34,33),(52,51,49,48,45,44,43,42,41,37,36,35),(55,54,50,47),(62,60,58,56,30,24,20,1,0),(63,61,59,57,31,29,28,27,26,25,19,17,16,6,3,2),(23,22,21,18,7,5,4)
40,(6,14,6,9,3,10,8,1,5,2),(44,44,44,44,44,45,45,45,45,45),(34,23,22,19,18,16),(47,43,41,40,39,38,37,36,35,33,32,21,20,17),(55,54,52,46,45,44),(59,53,50,49,42,3,2,1,0),(58,27,6),(62,61,60,56,51,48,31,26,25,5),(63,57,30,29,28,24,7,4),(13),(15,14,12,10,9),(11,8)
41,(1,2,1,1,3,10,16,8,16,6),(24,24,25,25,25,26,26,26,26,26),(24),(27,25),(30),(26),(31,29,28),(63,62,61,60,18,17,5,4,2,1),(23,22,21,20,19,16,14,13,11,10,9,8,7,6,3,0),(59,55,52,50,49,48,15,12),(58,57,56,54,53,51,47,46,45,44,43,42,41,40,39,36),(38,37,35,34,33,32)
42,(1,8,4,3,7,5,4,10,15,7),(35,36,36,37,37,37,38,39,39,39),(2),(53,36,7,6,5,3,1,0),(58,49,34,32),(62,55,48),(61,59,57,56,54,52,39),(63,60,50,38,33),(51,37,35,4),(26,21,20,19,18,17,16,13,12,8),(44,41,31,30,29,27,25,24,23,22,15,14,11,10,9),(47,46,45,43,42,40,28)
43,(1,3,2,2,3,13,13,10,9,8),(41,41,42,42,44,45,45,45,45,45),(27),(31,26,24),(28,25),(30,29),(10,9,8),(54,53,52,50,48,46,44,42,41,11,6,3,0),(55,51,49,43,40,15,14,13,12,7,5,4,2),(62,61,60,59,56,47,45,17,16,1),(58,57,36,35,34,32,22,19,18),(63,39,38,37,33,23,21,20)
44,(2,6,3,4,5,12,3,14,10,5),(37,38,39,39,40,40,41,41,41,41),(31,30),(62,58,24,14,13,12),(63,54,26),(56,50,27,10),(53,51,28,25,8),(61,60,59,57,55,52,49,48,29,15,11,9),(19,3,2),(45,39,38,37,35,22,21,20,18,17,7,6,5,4),(46,43,42,41,36,34,32,23,16,1),(47,44,40,33,0)
45,(2,5,1,1,11,7,6,2,10,19),(11,11,11,12,12,12,12,12,12,12),(63,59),(61,60,58,57,56),(62),(39),(38,36,35,34,33,32,15,7,4,3,0),(22,14,11,10,5,2,1),(37,13,12,9,8,6),(46,26),(53,51,50,44,43,41,28,27,25,16),(55,54,52,49,48,47,45,42,40,31,30,29,24,23,21,20,19,18,17)
46,(3,11,8,5,4,15,2,4,6,6),(39,39,39,39,40,40,40,40,41,41),(7,6,4),(55,54,53,51,31,30,27,26,5,1,0),(50,49,29,28,25,24,3,2),(52,48,45,23,19),(44,42,32,22),(46,43,40,39,38,37,36,35,34,33,21,20,18,17,16),(47,41),(59,58,57,56),(63,62,60,15,13,12),(61,14,11,10,9,8)
47,(3,6,7,2,4,4,6,8,10,14),(42,42,43,44,44,44,45,45,46,46),(4,3,2),(36,33,32,22,1,0),(42,39,37,35,23,20,18),(41,34),(43,21,17,6),(44,40,19,16),(47,46,45,38,7,5),(63,62,61,60,59,58,57,56),(54,49,28,15,14,13,11,10,9,8),(55,53,52,51,50,48,31,30,29,27,26,25,24,12)
48,(2,7,2,9,10,11,10,8,3,2),(39,39,40,40,40,40,40,40,40,40),(1,0),(22,21,20,19,18,17,16),(37,2),(45,44,41,40,13,12,9,6,3),(60,57,56,49,42,23,14,8,5,4),(63,62,61,59,48,47,46,43,15,11,7),(58,53,52,51,50,38,32,26,25,10),(55,54,36,34,33,30,28,27),(35,29,24),(39,31)
49,(1,1,1,1,3,9,8,9,16,15),(29,29,30,30,30,30,33,33,33,33),(44),(40),(47),(41),(45,43,25),(46,42,31,30,29,28,27,26,24),(59,57,54,53,52,51,50,49),(63,62,61,60,58,56,55,48,3),(37,36,35,34,32,23,17,10,8,7,6,5,4,2,1,0),(39,38,33,22,21,20,19,18,16,15,14,13,12,11,9)
50,(1,3,12,10,6,6,12,7,4,3),(26,27,27,27,27,27,27,27,27,27),(11),(7,4,3),(27,23,22,20,19,18,15,12,10,6,1,0),(31,30,28,25,24,21,17,8,5,2),(29,26,16,14,13,9),(62,55,53,50,48,35),(63,59,58,54,51,39,38,37,36,34,33,32),(61,57,56,52,49,47,45),(60,46,44,41),(43,42,40)
51,(1,7,19,12,4,2,2,9,2,6),(41,41,41,41,41,41,42,42,42,42),(20),(23,22,21,19,18,16,3),(52,50,49,48,39,38,37,31,30,29,28,27,26,25,24,7,4,2,1),(56,55,54,53,51,36,34,33,17,6,5,0),(60,58,35,32),(63,61),(62,59),(57,47,46,45,44,43,42,41,40),(15,11),(14,13,12,10,9,8)
52,(8,5,5,7,8,11,12,2,4,2),(37,37,38,38,38,38,38,38,38,38),(39,38,37,35,34,33,32,9),(36,15,13,10,8),(23,21,16,14,11),(63,53,30,20,19,18,12),(59,54,52,31,29,27,22,17),(61,58,50,49,48,47,41,40,28,25,24),(62,60,57,56,55,51,46,45,44,43,42,26),(7,6),(5,4,2,0),(3,1)
53,(1,2,17,12,5,8,9,4,4,2),(42,43,43,43,44,44,44,44,44,44),(48),(16,8),(54,53,52,50,49,20,19,18,17,15,14,12,11,10,9,1,0),(55,51,23,22,21,13,7,6,5,4,3,2),(39,35,30,28,24),(47,46,41,36,29,27,26,25),(45,43,42,40,38,37,34,32,31),(61,58,44,33),(62,59,57,56),(63,60)
54,(1,3,1,3,5,9,8,10,18,6),(43,43,43,44,44,44,45,45,45,45),(27),(30,28,26),(24),(31,29,25),(38,37,36,35,34),(39,9,7,6,5,4,3,2,1),(32,18,14,13,12,11,10,0),(33,23,22,21,20,19,17,16,15,8),(62,59,58,57,55,54,53,52,51,50,49,48,47,46,45,43,42,40),(63,61,60,56,44,41)
55,(4,7,8,1,2,3,7,10,17,5),(38,39,39,40,40,40,41,42,42,43),(63,62,61,60),(58,57,47,41,40,29,24),(59,56,54,53,49,31,27,25),(50),(44,28),(55,48,42),(52,51,46,45,43,30,26),(10,9,7,6,5,4,3,2,1,0),(39,38,37,36,35,34,33,32,20,18,17,15,14,13,12,11,8),(23,22,21,19,16)
56,(2,6,2,4,3,6,9,2,22,8),(41,42,42,43,44,44,44,45,45,46),(35,34),(63,52,51,38,36,2),(37,1),(62,59,39,6),(60,54,50),(61,58,56,55,7,3),(57,53,49,48,33,32,5,4,0),(40,16),(45,44,43,42,41,31,29,28,27,26,23,22,21,20,19,18,17,15,13,12,11,9),(47,46,30,25,24,14,10,8)
57,(4,4,4,4,7,10,9,14,6,2),(40,41,41,41,41,41,41,41,41,41),(11,10,9,8),(47,46,43,40),(50,44,42,41),(54,51,49,45),(63,61,58,57,55,53,52),(62,60,59,56,48,18,15,14,13,12),(30,27,25,24,23,22,17,7,1),(39,38,37,35,34,33,28,21,20,19,16,5,3,0),(36,29,26,6,4,2),(32,31)
58,(1,3,5,15,2,6,21,3,6,2),(41,42,42,42,42,43,43,43,43,43),(13),(63,14,10),(29,20,19,17,11),(31,30,28,27,26,25,24,23,22,21,16,15,12,9,8),(33,18),(58,56,54,53,36,32),(61,60,59,57,55,52,50,49,48,47,46,45,44,43,42,41,40,39,37,35,34),(62,51,38),(7,6,5,4,3,0),(2,1)
59,(5,3,1,1,3,8,19,3,14,7),(40,40,40,41,41,41,41,41,41,41),(62,61,59,58,57),(63,60,56),(28),(0),(6,4,2),(23,19,18,15,7,5,3,1),(31,30,29,27,26,25,24,22,21,20,17,16,14,13,12,11,10,9,8),(55,38,37),(54,52,50,49,48,45,44,42,41,40,36,35,33,32),(53,51,47,46,43,39,34)
60,(2,3,5,2,7,5,1,7,20,12),(32,32,33,34,34,35,35,36,36,36),(45,44),(47,46,43),(40,13,11,10,8),(62,12),(63,59,58,56,42,15,14),(61,60,57,41,9),(3),(18,7,6,4,2,1,0),(51,39,38,34,33,32,29,28,27,26,25,24,23,22,21,20,19,17,16,5),(55,54,53,52,50,49,48,37,36,35,31,30)
61,(1,1,3,3,13,7,10,9,13,4),(42,43,43,43,43,43,43,43,43,44),(1),(12),(13,11,5),(57,9,0),(61,60,59,58,56,21,18,17,14,10,6,4,2),(25,22,20,15,8,7,3),(33,32,31,30,27,26,24,23,19,16),(63,62,47,45,40,37,34,29,28),(51,50,49,48,46,44,43,42,41,39,38,36,35),(55,54,53,52)
62,(1,8,3,10,7,7,9,7,8,4),(36,37,37,37,37,37,37,37,37,37),(23),(43,42,7,6,5,4,3,2),(11,10,0),(22,21,20,17,16,15,13,9,8,1),(30,27,26,19,18,14,12),(44,39,36,33,32,31,25),(61,60,51,41,38,34,29,28,24),(59,50,49,47,46,45,35),(62,58,56,54,52,48,40,37),(63,57,55,53)
63,(2,10,15,5,2,10,7,6,5,2),(1,1,1,1,1,1,1,1,1,1),(42,3),(15,12,11,9,7,5,4,2,1,0),(31,27,26,25,24,23,22,20,19,18,17,16,10,8,6),(30,28,21,14,13),(36,29),(55,54,53,52,46,41,38,37,34,33),(63,60,47,44,43,39,32),(62,56,51,45,40,35),(61,59,58,57,50),(49,48)
64,(2,5,4,5,9,4,3,7,15,10),(43,43,43,44,44,44,45,47,47,47),(50,49),(14,13,12,2,1),(52,48,9,3),(53,6,5,4,0),(55,54,51,29,25,15,11,8,7),(30,28,26,24),(31,27,10),(43,21,20,19,18,17,16),(63,62,61,60,59,56,47,46,45,44,42,41,40,23,22),(58,57,39,38,37,36,35,34,33,32)
65,(1,2,3,6,4,6,14,8,11,9),(34,35,36,36,36,39,39,39,39,39),(42),(43,35),(41,37,33),(47,46,38,36,34,32),(45,44,40,39),(7,5,4,3,2,0),(59,50,49,48,15,14,13,12,11,10,9,8,6,1),(63,62,61,60,58,57,56,25),(54,53,51,28,23,22,21,20,18,17,16),(55,52,31,30,29,27,26,24,19)
66,(4,3,1,1,3,3,1,19,20,9),(31,32,32,33,33,33,34,35,35,35),(51,50,49,48),(54,53,38),(39),(34),(37,36,35),(55,52,33),(32),(63,62,61,60,59,58,57,56,22,21,19,18,17,14,13,12,11,10,9),(47,46,31,30,28,27,26,25,24,23,20,16,15,8,6,5,3,2,1,0),(45,44,43,42,41,40,29,7,4)
67,(3,11,2,4,6,6,6,11,13,2),(38,38,39,41,42,42,42,42,42,42),(52,13,12),(55,54,53,51,49,48,14,11,10,9,8),(50,15),(3,2,1,0),(31,28,26,24,5,4),(30,29,27,25,7,6),(43,39,38,34,33,32),(63,56,46,45,44,42,41,37,36,35,18),(62,61,60,59,58,57,47,40,23,20,19,17,16),(22,21)
68,(6,10,9,4,4,11,7,5,5,3),(44,44,44,44,44,44,44,44,45,45),(13,12,11,9,5,4),(23,15,14,8,7,6,3,2,1,0),(35,22,21,20,19,18,17,16,10),(37,36,34,33),(39,38,32,26),(47,45,44,42,41,40,30,29,28,27,25),(51,50,49,48,46,31,24),(55,54,53,52,43),(63,61,60,59,56),(62,58,57)
69,(1,5,1,1,5,5,16,11,12,7),(40,41,41,41,45,45,45,45,45,45),(56),(62,61,59,58,57),(60),(63),(6,5,2,1,0),(12,11,10,4,3),(46,27,23,22,21,20,19,18,17,16,15,14,13,9,8,7),(55,53,50,49,45,44,41,40,29,28,25),(54,52,51,48,47,43,42,38,37,36,33,26),(39,35,34,32,31,30,24)
70,(1,12,8,9,6,2,8,5,8,5),(1,1,1,1,1,1,1,1,1,1),(46),(44,42,39,38,35,33,15,11,10,3,2,1),(51,43,37,36,14,12,8,0),(55,54,52,50,41,34,32,13,9),(53,49,48,47,45,40),(58,19),(63,62,61,57,56,18,17,16),(59,29,27,23,7),(60,31,30,28,26,24,5,4),(25,22,21,20,6)
71,(2,1,1,8,11,4,13,13,10,1),(44,45,45,46,46,46,47,47,47,47),(25,0),(6),(4),(27,24,14,12,9,7,5,3),(31,29,28,26,15,13,11,10,8,2,1),(63,62,61,30),(60,59,58,57,56,47,46,45,44,43,42,41,40),(51,38,35,34,33,32,23,22,21,19,18,17,16),(55,54,53,52,50,49,39,37,36,20),(48)
72,(4,2,1,1,3,4,15,5,19,10),(34,35,35,36,38,39,39,39,39,39),(55,53,50,49),(54,51),(52),(48),(23,22,16),(26,19,18,17),(31,30,29,28,27,25,24,21,20,7,6,5,4,3,2),(40,39,15,1,0),(62,60,57,56,46,45,44,43,42,41,38,37,36,35,34,33,32,12,10),(63,61,59,58,47,14,13,11,9,8)
73,(1,2,1,3,1,2,6,19,25,4),(36,37,38,38,39,41,42,42,42,42),(46),(43,42),(41),(47,45,44),(40),(1,0),(62,57,56,38,37,36),(63,61,60,59,58,34,24,22,21,20,18,17,16,7,6,5,4,3,2),(53,52,49,48,39,35,33,32,31,30,29,28,27,26,25,23,19,15,14,13,12,11,10,9,8),(55,54,51,50)
74,(2,1,1,4,8,3,8,13,14,10),(38,40,40,40,43,43,44,44,44,44),(62,59),(58),(57),(63,61,60,56),(39,38,37,36,35,34,33,32),(15,14,5),(18,13,9,8,6,4,3,1),(23,22,21,20,19,17,16,12,11,10,7,2,0),(54,47,46,44,43,42,41,40,31,30,29,27,26,25),(55,53,52,51,50,49,48,45,28,24)
75,(1,2,2,2,1,3,7,19,20,7),(37,38,39,39,39,42,42,42,42,42),(48),(53,52),(54,49),(55,51),(50),(15,11,10),(14,13,12,9,8,5,0),(31,30,29,25,24,23,22,21,20,19,18,17,16,7,6,4,3,2,1),(63,62,59,58,57,56,46,45,44,43,42,41,39,38,36,35,33,28,27,26),(61,60,47,40,37,34,32)
76,(1,1,2,1,8,2,1,18,14,16),(40,41,41,42,42,43,44,46,46,46),(63),(62),(59,47),(43),(61,60,56,46,45,44,41,40),(58,42),(57),(39,38,15,14,13,12,11,10,9,8,7,6,5,4,3,2,1,0),(37,36,34,33,29,28,27,26,25,23,22,20,18,16),(55,54,53,52,51,50,49,48,35,32,31,30,24,21,19,17)
77,(2,1,11,5,13,3,5,12,8,4),(38,39,39,39,39,39,39,39,39,39),(11,10),(34),(62,59,58,57,56,55,7,6,5,3,2),(63,61,19,15,14),(60,23,22,21,20,17,13,12,9,8,4,1,0),(27,18,16),(54,51,33,32,31),(50,49,47,45,39,38,37,35,30,29,28,26),(48,46,43,42,41,40,36,24),(53,52,44,25)
78,(5,4,3,4,3,7,9,5,16,8),(39,39,39,39,40,40,40,40,40,40),(39,38,37,36,35),(7,6,3,2),(5,4,1),(23,22,19,0),(18,15,8),(34,33,16,12,11,10,9),(32,31,30,27,21,20,17,14,13),(42,29,28,26,24),(55,54,53,52,51,50,49,48,47,46,45,44,43,41,40,25),(63,62,61,60,59,58,57,56)
79,(7,2,4,6,2,3,8,9,6,17),(33,33,34,34,34,35,37,37,37,37),(39,37,36,33,32,4,2),(35,3),(7,6,5,0),(38,15,12,10,9,8),(34,13),(14,11,1),(27,23,22,21,20,19,18,17),(51,31,30,29,28,26,25,24,16),(55,45,44,42,41,40),(63,62,61,60,59,58,57,56,54,53,52,50,49,48,47,46,43)
80,(1,2,5,1,6,15,8,6,12,8),(33,34,34,34,35,35,35,35,35,35),(2),(6,0),(7,5,4,3,1),(15),(27,24,14,11,10,8),(35,31,29,28,26,25,23,22,21,20,18,17,13,12,9),(53,52,36,34,33,30,19,16),(60,56,55,51,39,38),(61,58,57,54,50,49,48,46,45,44,37,32),(63,62,59,47,43,42,41,40)
81,(4,4,4,7,11,4,5,10,11,4),(29,29,30,30,30,30,30,30,30,30),(61,58,57,56),(63,62,60,59),(12,3,1,0),(23,22,16,7,6,5,2),(31,30,28,27,26,25,21,19,18,17,4),(29,24,20,13),(47,44,15,14,11),(51,49,48,43,40,39,32,10,9,8),(55,52,50,42,41,38,37,36,35,34,33),(54,53,46,45)
82,(5,4,9,7,10,4,11,8,5,1),(1,1,1,1,1,1,1,1,1,1),(46,45,44,7,0),(5,3,2,1),(56,15,14,12,10,9,8,6,4),(36,35,34,23,16,13,11),(39,38,37,33,32,22,21,20,19,17),(54,48,24,18),(55,52,47,43,42,41,31,30,29,28,25),(63,58,53,50,49,40,27,26),(62,61,60,59,51),(57)
83,(1,3,7,10,14,5,8,2,9,5),(43,44,44,44,44,45,45,45,45,45),(22),(14,13,10),(37,34,21,15,11,9,8),(62,59,58,57,38,35,33,18,17,12),(63,61,60,56,46,45,42,39,36,32,23,20,19,16),(47,44,43,41,26),(50,40,31,30,29,28,27,25),(51,24),(55,54,53,49,48,7,4,3,0),(52,6,5,2,1)
84,(1,1,7,4,4,15,7,9,14,2),(40,40,41,42,42,42,44,44,44,45),(33),(18),(38,34,22,21,19,16,12),(46,42,32,17),(41,23,15,11),(47,45,44,43,40,39,37,36,35,20,14,13,10,9,8),(59,58,57,56,6,5,4),(63,62,61,60,7,3,2,1,0),(54,53,52,51,50,48,31,30,29,28,27,26,25,24),(55,49)
85,(1,4,10,4,2,4,6,1,16,16),(30,30,30,30,31,31,32,32,33,33),(35),(61,52,51,36),(62,60,59,56,50,49,48,37,15,11),(55,32,12,10),(63,33),(39,38,14,13),(58,54,53,34,9,8),(57),(46,45,44,43,42,41,40,31,23,22,19,18,17,16,4,0),(47,30,29,28,27,26,25,24,21,20,7,6,5,3,2,1)
86,(1,1,3,1,2,1,12,12,9,22),(29,29,31,31,31,33,34,34,34,34),(10),(14),(15,13,11),(12),(9,8),(61),(63,62,60,59,58,57,47,27,23,22,19,17),(56,31,30,29,28,26,25,24,21,20,18,16),(55,51,45,44,42,41,33,32,4),(54,53,52,50,49,48,46,43,40,39,38,37,36,35,34,7,6,5,3,2,1,0)
87,(11,2,1,1,4,7,3,3,23,9),(41,41,42,42,43,43,44,44,45,45),(54,52,51,49,48,47,43,41,40,15,1),(55,10),(9),(53),(45,42,7,3),(46,44,14,11,8,2,0),(50,13,4),(12,6,5),(63,62,61,60,59,58,57,56,39,38,37,36,35,34,31,30,29,28,25,24,20,17,16),(33,32,27,26,23,22,21,19,18)
88,(1,1,1,3,9,1,3,22,10,13),(38,38,39,39,39,40,42,42,42,42),(10),(11),(7),(14,13,3),(15,12,9,8,6,5,4,2,0),(1),(39,38,35),(47,46,45,44,43,42,41,40,37,36,34,33,32,31,30,29,28,27,26,25,24,19),(60,59,56,55,51,49,23,21,20,17),(63,62,61,58,57,54,53,52,50,48,22,18,16)
89,(3,13,7,9,3,6,10,10,2,1),(1,1,1,1,1,1,1,1,1,1),(15,13,3),(26,23,18,14,11,10,9,8,7,5,2,1,0),(24,20,19,16,12,6,4),(31,30,29,28,27,25,22,21,17),(52,39,32),(51,44,43,36,35,34),(62,58,57,50,48,47,46,42,40,33),(63,60,59,56,54,53,49,45,41,37),(61,38),(55)
90,(9,5,4,3,4,7,4,11,14,3),(39,39,40,41,41,41,42,43,43,43),(47,45,44,43,42,41,40,36,35),(63,62,58,32,24),(59,56,37,33),(39,38,31),(57,34,28,27),(61,60,46,30,29,26,25),(19,12,7,6),(21,20,18,16,15,13,11,9,5,2,1),(54,53,52,51,50,49,48,23,22,17,14,10,8,0),(55,4,3)
91,(1,1,6,1,2,9,13,9,11,11),(38,39,39,42,43,43,43,43,43,43),(34),(35),(39,38,37,36,33,32),(46),(47,42),(54,49,45,43,41,40,8,6,2),(55,53,52,51,50,48,44,7,5,4,3,1,0),(62,23,22,21,20,19,18,14,9),(63,61,59,58,30,28,27,25,15,12,10),(60,57,56,31,29,26,24,17,16,13,11)
92,(3,1,6,4,1,1,15,8,21,4),(39,40,40,41,41,42,44,44,44,44),(39,38,32),(33),(62,61,59,58,35,34),(60,57,56,37),(36),(63),(15,14,13,12,11,10,9,8,7,6,5,4,2,1,0),(55,31,30,26,25,23,20,3),(54,53,52,51,49,48,45,44,43,42,41,29,28,27,24,22,21,19,18,17,16),(50,47,46,40)
93,(1,2,4,1,10,8,7,8,12,11),(21,21,21,21,23,23,23,23,23,23),(32),(37,35),(38,36,34,33),(39),(15,14,13,10,9,7,5,3,2,1),(54,50,12,11,8,6,4,0),(55,53,52,51,49,48,18),(62,57,30,23,21,20,19,17),(61,58,56,45,42,31,29,28,26,25,22,16),(63,60,59,47,46,44,43,41,40,27,24)
94,(2,1,2,4,2,5,12,11,13,12),(38,38,38,39,39,39,42,42,42,42),(14,9),(13),(12,11),(59,15,10,8),(58,57),(63,62,61,60,56),(42,28,27,23,16,7,6,5,4,3,1,0),(47,45,44,43,41,40,22,21,20,17,2),(54,53,46,39,38,35,34,33,30,29,26,19,18),(55,52,51,50,49,48,37,36,32,31,25,24)
95,(6,5,8,12,3,3,8,6,6,7),(42,42,42,42,43,43,43,43,43,43),(31,30,28,27,25,24),(44,43,29,26,2),(47,45,41,40,37,32,5,3),(57,46,42,39,38,36,35,34,33,6,4,0),(56,7,1),(53,52,48),(63,61,60,55,54,51,50,49),(62,59,58,14,13,12),(16,15,11,10,9,8),(23,22,21,20,19,18,17)
96,(2,1,6,11,1,3,6,8,13,13),(39,40,40,40,41,41,44,44,44,44),(51,50),(59),(60,55,54,52,49,38),(63,61,58,56,53,48,39,35,34,33,32),(57),(62,37,36),(6,5,4,3,2,1),(31,30,29,28,27,26,7,0),(44,43,42,41,40,25,23,19,15,14,12,11,10),(47,46,45,24,22,21,20,18,17,16,13,9,8)
97,(4,1,7,9,10,4,6,6,12,5),(37,37,38,38,38,38,38,38,38,38),(25,15,14,13),(24),(51,26,11,9,5,4,2),(61,37,33,28,12,10,8,6,1),(39,38,36,35,34,29,27,7,3,0),(41,32,31,30),(57,45,43,42,40,18),(50,47,46,44,21,17),(62,60,58,56,55,53,52,49,23,22,19,16),(63,59,54,48,20)
98,(6,1,5,4,1,4,3,1,26,13),(38,38,39,40,40,40,41,42,42,42),(55,54,53,52,51,46),(48),(63,62,59,49,47),(60,58,56,50),(57),(44,43,42,40),(61,45,41),(20),(31,30,29,28,27,26,25,24,23,22,19,18,17,12,11,10,9,8,7,6,5,4,3,2,1,0),(39,38,37,36,35,34,33,32,21,16,15,14,13)
99,(5,4,4,9,10,4,12,12,3,1),(1,1,1,1,1,1,1,1,1,1),(6,5,4,2,1),(57,7,3,0),(14,13,12,10),(31,23,22,21,19,18,17,9,8),(30,29,28,27,26,24,20,16,15,11),(43,42,41,40),(61,58,54,53,51,50,49,45,44,35,34,25),(63,62,56,55,52,47,46,39,38,37,36,33),(59,48,32),(60)
100,(3,3,5,11,9,11,10,4,2,6),(43,43,44,44,44,44,44,44,44,44),(39,12,11),(17,1,0),(30,28,21,20,16),(31,27,23,22,19,18,6,5,4,3,2),(38,36,29,15,14,13,10,9,7),(55,52,51,49,43,37,35,26,25,24,8),(54,53,50,46,44,42,40,34,33,32),(48,47,45,41),(61,56),(63,62,60,59,58,57)
101,(1,3,1,1,1,9,13,12,9,14),(38,38,38,39,40,40,43,43,43,43),(1),(23,2,0),(5),(6),(18),(22,21,20,19,17,16,7,4,3),(55,53,50,42,34,31,30,29,28,27,26,25,24),(54,52,51,49,48,39,38,37,36,35,33,32),(62,61,57,47,46,43,41,40,11),(63,60,59,58,56,45,44,15,14,13,12,10,9,8)
102,(6,2,5,11,6,12,7,5,7,3),(44,44,45,45,46,46,46,46,46,46),(47,46,43,42,41,40),(45,44),(13,9,7,3,1),(15,14,12,11,10,8,6,5,4,2,0),(31,27,26,24,21,17),(37,32,30,29,28,25,23,22,20,19,18,16),(61,39,38,36,35,34,33),(53,52,51,50,49),(63,62,60,59,56,54,48),(58,57,55)
103,(1,2,2,6,5,14,9,10,12,3),(29,30,30,30,30,33,33,33,33,33),(12),(13,11),(10,8),(55,54,51,48,14,9),(53,52,50,49,15),(39,38,37,36,35,34,19,16,7,6,4,3,2,1),(58,23,22,21,20,18,17,5,0),(62,61,60,59,56,47,43,40,33,32),(63,57,45,44,42,41,31,30,29,28,27,26),(46,25,24)
104,(2,6,6,15,5,4,8,12,5,1),(1,1,1,1,1,1,1,1,1,1),(46,7),(8,6,5,4,2,1),(27,26,15,10,9,3),(30,29,28,25,24,23,22,20,19,17,16,13,12,11,0),(34,31,21,18,14),(42,41,39,38),(60,51,45,44,37,35,33,32),(62,61,59,58,57,53,52,50,48,47,43,40),(63,55,54,49,36),(56)
105,(1,1,3,3,4,4,16,16,11,5),(37,38,39,39,39,39,42,42,42,42),(11),(23),(19,12,10),(15,14,8),(20,18,16,9),(22,21,17,13),(63,62,61,60,52,46,44,43,31,30,29,28,27,26,25,24),(55,51,50,49,48,47,45,42,41,40,7,6,3,2,1,0),(59,58,57,56,54,53,34,33,32,5,4),(39,38,37,36,35)
106,(1,2,5,1,15,2,5,17,8,8),(40,41,41,41,41,43,43,43,43,44),(43),(63,55),(59,52,42,41,40),(61),(62,60,58,57,56,54,53,51,50,49,48,47,46,45,44),(31,30),(29,28,27,26,25),(38,37,35,24,23,22,21,20,19,18,17,16,6,5,3,2,1),(39,36,34,33,32,7,4,0),(15,14,13,12,11,10,9,8)
107,(3,7,2,9,11,6,6,3,12,5),(1,1,1,1,1,1,1,1,1,1),(34,33,20),(39,38,35,32,29,28,27),(43,15),(52,51,47,46,44,42,36,14,11),(55,54,50,49,45,41,40,37,13,9,8),(60,53,48,12,10,0),(61,59,56,30,3,1),(63,62,19),(58,57,25,24,23,21,18,17,16,7,5,4),(31,26,22,6,2)
